index,complete,no fAct,no zAct,no MIP Start,no first phase,no Pigeon
30,10.384999999999998,12.265166666666667,17.336833333333335,18.48716666666666,19.484833333333334,148.7283333333333
40,36.90116666666666,48.96016666666667,62.30783333333332,68.28583333333334,208.6353333333333,604.6838333333332
50,63.67600000000001,77.91166666666666,90.81566666666666,125.12566666666667,356.6941666666667,1126.3119999999997
All,36.987388888888894,46.37899999999998,56.820111111111146,70.63288888888889,194.93811111111114,626.5747222222227
