Test,30,40,50,All
complete,5.671,22.049666666666667,67.01683333333334,31.579166666666662
no fAct,7.533333333333332,35.48233333333334,88.37983333333332,43.79849999999999
no zAct,10.230166666666669,42.97649999999999,104.47516666666667,52.56061111111109
no MIP Start,13.237999999999994,46.61299999999999,123.25816666666667,61.036388888888894
no first phase,15.304,120.271,362.894,166.15633333333332
no Pigeon,94.38583333333332,387.8668333333333,742.0858333333334,408.1128333333333
